stop_id,avg_delay
1,-23864.2222222222
10,107.25
10000,-41777.0
10003,-47138.7272727273
10005,-12100.0
10006,-42596.5
10007,-42670.5
10008,-42694.5
10009,-10.0
10010,-82.0
10011,211.5
10012,194.5
10013,208.0
10014,-12093.0
10015,117.333333333333
10031,36.1666666666667
10032,11.0
10033,43.8
101,-39795.6363636364
10100,-33377.8181818182
10101,-33426.0909090909
102,-39873.8181818182
1026,-1.0
1027,-18.0
1029,39.0
1030,5.0
1032,39.0
1033,4.0
1034,19.0
1035,26.0
1036,119.5
1038,125.0
1039,101.5
104,-39901.8181818182
1040,59.3333333333333
1041,115.5
10413,-9903.125
1042,124.0
1043,198.75
1045,188.0
1046,186.0
1049,182.5
1051,412.333333333333
1052,378.0
10522,-19107.75
1053,364.666666666667
10540,-39244.75
1055,307.75
1056,298.25
10569,123.0
1057,297.0
1058,298.0
10582,-94.5
1059,278.75
10590,-43367.3
106,-39944.4545454545
1060,-41754.5
10603,309.333333333333
1061,387.25
10612,317.0
10618,282.0
1062,383.5
10625,292.0
10633,274.75
1064,401.5
10642,-39839.4814814815
1067,434.666666666667
1068,410.666666666667
107,-39961.7272727273
1070,381.333333333333
1071,282.6
1072,299.4
1074,322.2
1075,329.4
1076,300.0
1077,312.0
10777,74.0
1079,70.6666666666667
108,-47861.3636363636
1080,31.0
1081,6.5
10820,324.333333333333
10821,-38.5
1083,7.5
10830,478.0
10833,-41576.75
10835,204.75
1084,-0.5
1085,4.0
1086,-25.5
1088,-112.0
1089,-144.5
109,-48024.3636363636
1090,-172.0
1092,-161.0
10923,130.0
10928,-26014.125
1094,-60.0
109802,-34.0
109804,-107.0
109805,-94.0
109806,-46.0
109808,-14.0
109809,-45.0
109810,-56.0
109811,-58.0
109812,-84.0
109814,-66.0
109815,-117.0
109816,-106.0
109817,-146.0
109818,-118.0
109819,-161.0
109820,-200.0
109821,-27966.0
109822,10.5
109823,-44.0
109824,-30.0
109825,-76.0
109826,-114.0
109827,-85.0
109828,-90.0
109829,-60.0
109830,-65.0
109831,-94.0
109832,-77.0
109835,-186.333333333333
109836,-221.666666666667
109838,-254.333333333333
109841,-65.0
109842,-109.0
109844,-99.0
109845,-85.0
109846,-78.0
109848,-56.0
109849,-83.0
109853,-40991.0
109857,72.0
109858,33.0
109860,57.0
109861,61.0
109862,76.0
109864,5.0
109865,16.0
109870,-135.0
109871,-90.0
109872,-97.0
109873,-118.0
109874,-83.0
109875,-110.0
109877,44.5
109878,28.5
109879,23.5
109880,51.5
109883,-11.0
109884,4.5
109885,-45.5
109886,-26.5
109887,-75.0
109888,-63.5
109890,-103.5
109891,-84.0
109892,-122.5
109893,-140.5
109894,-175.5
109896,-163.5
109898,-20460.0
109899,-80.0
109900,-77.0
109901,45.5
109912,82.0
11,-17132.6
110,-56972.7391304348
1100,-26.0
1102,-87.0
1103,-45.0
1104,-97.0
1105,-71.0
11070,-39.0
11071,-63.0
1109,-8.0
111,-84120.0
1110,-24.0
1111,-18069.0
1112,-18075.0909090909
11131,-13474.6666666667
1114,65.0
11148,-12888.3333333333
11149,-12894.0
1115,114.0
11158,94.3333333333333
1116,88.0
11164,-26714.8333333333
11187,55.0
11219,117.0
11228,220.5
1123,-21487.75
11241,-30645.2
11242,-30667.2
11244,-30652.6
11257,-11056.9230769231
11259,-12111.9166666667
1128,-13341.0
1129,-13377.6666666667
1130,-13411.1666666667
11302,-26054.0
11319,114.0
1132,-13453.1666666667
11323,-11111.6538461538
11366,71.0
11384,95.0
11388,-26439.8333333333
11389,-11670.5714285714
11408,15.0
11410,-20.5
11413,-9871.75
11419,87.0
1145,133.0
1147,113.5
1148,-13389.5769230769
11481,145.5
11482,-39216.25
1149,110.0
11501,-19575.5
11512,-19665.5
11521,-39659.0
11522,-37572.9285714286
11531,-30995.125
11587,-38654.5
11592,414.75
11593,521.0
1160,-26684.8333333333
1161,-26709.3333333333
1164,-26737.1666666667
1165,137.0
1166,89.0
1167,109.0
1168,70.0
1169,90.0
11694,-75.0
117,-42359.125
1170,68.0
11712,-26091.3529411765
11719,-26297.8235294118
1172,40.5
1173,48.0
1174,5.0
1175,-11.5
11767,192.0
1178,24.0
11780,322.0
11781,286.25
1179,48.5
11792,146.8
11799,-17029.6
1180,8.0
11802,-17051.8
11803,-17049.4
11809,565.0
1181,27.5
11812,371.333333333333
1182,4.5
1183,17.0
1184,46.0
1185,8.5
1186,35.0
1187,38.5
1188,212.333333333333
1189,403.0
1190,449.0
1191,-25909.25
1193,-25943.375
11939,58.0
1195,-25928.25
1196,294.0
1197,270.0
11971,251.0
11972,226.0
120,-41730.25
1201,155.0
1202,170.0
1203,120.0
1204,115.0
1206,68.0
12080,66.0
121,-17164.8
1211,55.0
1213,-26.0
1214,-41862.5
12144,56.0
12145,115.0
12147,64.0
1215,166.0
1216,137.285714285714
1219,89.75
122,105.0
1221,23.0
1222,-6.0
1224,-6429.41666666667
1227,216.5
1228,257.0
123,103.0
1230,249.5
12301,134.428571428571
1232,315.0
1234,301.5
1235,369.0
12352,418.0
12376,250.0
1238,352.5
1239,383.0
124,-25760.0
1241,406.0
1242,168.5
12439,-40.5
12451,60.0
1246,219.0
12465,322.5
12468,165.0
1248,211.5
125,-25788.0
1250,264.5
12512,-18.5
1252,287.0
1253,247.0
12530,9.0
1254,220.5
1255,192.0
1257,-26676.6666666667
1258,-26712.0
1259,-11080.0
1260,-26720.6666666667
12610,2.5
12614,150.333333333333
12615,57.5
12616,11.5
12618,392.0
1262,-26755.0
1265,-9923.875
1266,-9911.5
12699,114.5
12759,42.6666666666667
128,122.25
12821,-3.0
12829,8.0
12836,-107.0
12838,-162.5
12858,-127.5
12866,-269.0
12888,-36.0
129,-21.0
12932,-19056.5
12940,182.666666666667
13,-31381.0
1302,-26046.875
1304,-26101.0
1306,-26081.75
1308,-26122.0
1309,-26147.625
1310,-26193.625
1311,-26236.375
1313,-26272.0
1314,-23359.4444444444
1315,-19415.4666666667
1317,-19435.0
1319,-23362.4444444444
1320,-23397.4444444444
1322,-23465.6666666667
1323,-23488.0
13245,80.0
1325,302.333333333333
1326,316.666666666667
1327,328.0
1328,298.666666666667
133,-47924.0
1330,333.666666666667
1331,310.666666666667
1332,322.333333333333
1334,346.333333333333
1335,324.666666666667
1337,350.0
1338,364.333333333333
1339,379.333333333333
134,-47954.8
1340,266.5
1341,289.5
1342,251.0
1344,278.0
1345,259.0
1346,278.5
135,-28592.6666666667
1350,299.5
1351,298.0
1352,316.0
1353,342.0
1354,356.5
1357,-27984.7142857143
13590,-28009.0
136,-28617.0
1360,-28037.0
13618,376.0
1362,-28079.1428571429
1363,-27398.9230769231
1365,-27421.5384615385
1366,-24625.75
1367,-24672.875
13685,-28.0
1369,-24722.75
137,328.5
1371,-24762.125
13713,-171.5
13714,-182.5
13716,-213.0
1372,-24814.875
1373,-24840.625
1375,-22054.2222222222
1376,-22098.8888888889
1378,-22139.2222222222
1379,-22158.0
138,-28727.3333333333
13808,-50.0
1381,202.0
13813,-36.0
13814,-78.0
13815,-45.0
13816,-75.0
13817,-81.0
13818,-62.0
13819,-48.0
1382,168.5
13820,-77.0
13821,-41.0
13822,-51.0
13823,-83.0
13824,-98.0
13825,-86.0
13826,-52.0
13827,-74.0
13828,-90.0
13829,-55506.0
1383,123.0
13830,-46.5
13831,-52.5
13832,-16.5
13833,-38.5
13834,-80.5
13835,-35.5
13836,-60.5
13837,-92.5
13838,-120.0
13839,-76.0
1384,104.5
13840,-109.0
13841,-85.0
13842,-80.5
13843,-105.5
139,-28827.6666666667
1395,-11.0
1396,-38.0
1397,-15.0
1398,12.0
14,216.5
140,-28924.0
1400,74.5
1401,41.0
1402,64.5
1403,28.0
14031,-9.0
1404,32.0
1405,-6.0
14056,-549.0
1406,48.5
1409,-55.0
141,-271.5
1411,-44.5
1413,-126.5
1416,-10.0
1417,-35.0
1419,-13.0
142,-29011.0
1420,-52.5
1421,-8.5
14211,96.0
1422,-37.5
14225,-122.0
1423,-43.5
14233,0.0
1424,-30.5
1425,-42.0
1427,-41.5
1428,-61.5
1429,-109.0
143,-18689.0
1430,-147.0
1432,195.0
1433,213.5
1434,183.0
1435,208.5
1436,-83610.0
1437,161.5
1438,189.5
144,77.5
1441,-83730.0
1442,218.0
1443,442.333333333333
1444,501.666666666667
1445,499.0
14460,66.0
14465,133.0
1447,539.333333333333
14470,95.0
1448,506.666666666667
1449,505.666666666667
145,142.0
1450,496.666666666667
1451,506.0
1452,477.333333333333
14544,-43212.5
14548,-43219.5
14551,-43210.0
14553,-43232.0
146,141.5
14609,38.0
14612,41.0
14613,217.0
14615,28.0
14616,232.0
14618,386.5
1468,-39057.75
1469,-39046.0
147,117.5
1470,-39097.0
1471,-39087.25
14717,-237.5
1472,-39119.0
1473,-39100.75
14731,-39095.5
1474,-39143.75
14748,7.54545454545455
1475,-39138.5
14753,64.5
1478,-39170.5
1479,-39165.25
148,121.5
1480,-29131.25
1481,-39214.75
14822,48.0
14831,-39265.0
14836,-8.0
1484,-39302.5
1485,-31448.0
1486,-31440.8
14860,43.0
1487,-22442.8571428571
1488,-22447.2857142857
14889,-36.5
1489,-22489.8571428571
1491,-22498.4285714286
1493,-12912.8333333333
14936,162.0
14937,154.0
1495,-12935.8333333333
1497,-19560.75
1498,-19533.75
1499,-19552.25
15,178.0
150,-31508.5
1500,-19582.75
15002,-1.25
1501,-19548.0
15038,213.0
1504,-19564.25
15058,-40.0
1506,-19591.25
15060,-114.0
15061,-89.0
1508,-19624.25
1509,-19665.75
15095,-9.0
151,130.333333333333
1510,-19649.5
1511,-19632.0
1512,-19695.25
1513,-41268.25
1514,-41316.5
1515,-41300.5
15176,86.2857142857143
1518,74.75
1519,78.5
1520,67.25
1521,99.0
15216,61.0
1523,84.0
15235,110.0
15236,136.0
1524,113.0
15241,31.0
1525,91.0
1526,-24642.625
1527,117.5
1528,112.5
1529,63.0
15291,80.0
153,112.0
1530,44.5
1531,68.5
1532,31.0
1533,21.5
1534,45.0
1535,44.0
15351,59.5
1536,78.5
1539,6.0
154,89.5
1540,28.5
1541,94.0
1543,78.0
15431,43.1666666666667
1544,35.0
1545,46.0
1546,36.0
1547,63.0
1548,51.0
1549,55.0
15492,115.5
155,79.5
1550,15.0
1551,42.0
1552,-8.0
1553,30.0
1554,-6.0
1555,-23354.0
1556,65.0
15566,96.0
1557,45.0
1558,63.0
1559,70.0
156,103.5
15618,353.0
1562,-17050.2
1563,-17079.6
1564,-17298.4
1565,-33380.8
1566,35.0
15660,48.0
15661,26.5
1567,61.0
1569,38.0
157,81.0
1570,83.0
1571,38.0
1572,62.0
1573,46.5
1574,57.0
1575,40.5
1576,61.0
1577,235.666666666667
1578,279.333333333333
15782,200.333333333333
15787,306.666666666667
1579,258.333333333333
15795,-37144.5
158,81.3333333333333
1580,275.0
1581,266.666666666667
1582,300.666666666667
15820,264.0
1583,286.333333333333
1584,270.666666666667
1585,318.0
15857,-126.0
1586,274.666666666667
1587,-22008.2857142857
15880,-33425.8
1589,207.0
159,104.0
1593,394.75
15969,23.0
15970,63.0
15971,80.0
15974,48.0
15975,98.0
15976,123.0
15977,75.0
15978,89.0
15979,66.0
15982,44.0
15983,91.0
15984,63.0
15985,46.0
15986,66.0
15987,36.0
15988,1.0
15989,-39.0
15990,19.0
15992,-46.0
15994,-24.0
15995,-52.0
15999,-27.0
16,189.5
160,122.666666666667
16000,-35.0
16001,-25.0
161,82.6666666666667
16118,254.0
16126,103.0
16131,66.0
16132,72.0
16156,-42953.0
16170,-42980.0
16177,-43025.5
162,103.0
163,57.0
16305,10.5
16316,151.666666666667
16358,146.0
16360,98.0
16364,93.0
16365,84.0
16369,175.0
16391,134.0
16403,-88.0
16434,340.0
16458,104.0
16459,121.0
16466,-15346.6
16479,-12818.3333333333
1649,-249.0
16498,-25803.6666666667
1650,-235.0
16538,-42027.0
16618,356.5
16653,-27538.3333333333
16730,-158.0
16734,-229.0
168,210.5
1687,-234.0
1688,-218.0
16881,-273.0
1689,-264.0
1690,-295.0
1691,-277.0
1692,-319.0
1693,-371.0
1694,-367.0
1695,-405.0
1696,-379.0
1697,-404.0
16971,-389.0
1698,-429.0
1699,-404.0
17,194.0
17000,10.0
17001,9.0
170136,1411.0
170137,-321.0
170140,1347.0
170141,-274.0
1706,-12040.2857142857
1708,-12064.5714285714
1709,-12081.7142857143
17091,-35828.4285714286
17093,19.3333333333333
17094,-13.6666666666667
17095,-15.0
17096,-230.125
171,-28660.6666666667
1710,-12043.0
1713,-26059.6470588235
1714,-26092.3529411765
1716,-26167.5294117647
1717,-26209.0588235294
1718,-26237.7058823529
1720,-26347.8235294118
1721,-21351.1428571429
1722,-28042.6923076923
1723,-28025.7692307692
17231,148.0
1724,-28065.6153846154
1725,-28053.2307692308
17255,97.5
1726,-28047.6153846154
1728,-28080.0
173,-27177.4444444444
1730,-28089.1538461538
1731,181.5
1732,193.5
1733,218.0
1734,190.25
1735,222.5
1736,194.25
1737,116.428571428571
1739,130.75
17391,-13241.3333333333
174,-15254.5454545455
1740,167.0
17401,-13227.1666666667
1741,129.75
17411,-13200.6666666667
17419,-10.0
1742,194.833333333333
17421,-9876.0
17422,6.0
17429,57.0
1743,241.333333333333
17449,330.5
175,-32334.6153846154
176,-84.0
1764,142.0
1766,137.0
1771,190.0
1772,211.0
1773,221.0
1775,273.0
1777,215.0
1778,203.166666666667
1779,262.0
178,-31852.7692307692
1780,271.75
1784,340.75
1785,341.5
17861,-5549.07142857143
17862,-60683.6
17863,-49857.3333333333
1787,49.375
1788,64.25
1789,182.0
179,-21488.25
1790,134.8
1791,148.2
17922,185.2
1798,-17093.0
1799,-17098.2
18,185.333333333333
1804,-14167.1666666667
1805,-14169.3333333333
1806,-14186.1666666667
1807,554.5
1808,550.0
1809,572.0
1810,-42658.5
1811,-42694.0
1812,-42762.5
1813,-42785.5
1814,-42867.0
1816,-42883.5
1817,173.5
18244,-18.0
18272,-92.0
185,-23893.8571428571
18511,-49413.9333333333
18618,356.0
187,-33205.3636363636
188,-43494.3
19,175.0
1900,105.333333333333
191,70.0
19182,66.0
19201,175.333333333333
19208,-80.0
19215,-33.0
1936,-13231.5
1937,-13305.5
1939,-26749.1666666667
1940,29.0
19402,113.428571428571
1941,38.0
19573,93.0
19618,393.0
1965,-84510.0
19661,-28096.0
19821,-13.0
1984,35.0
2,-23880.4444444444
20,192.5
20009,-21483.25
2002,-12.0
2003,-3.0
2006,-22956.2857142857
2007,-22996.0
2020,4.0
2021,48.5
2023,38.75
2025,3.25
2026,-34.0
2027,41.75
2028,0.0
2030,10.4
2032,26.5
2033,-6.5
2034,27.5
2036,15.5
2037,-25.5
2038,10.0
2040,-21.5
2042,293.666666666667
2043,298.0
2044,215.0
2046,122.333333333333
2047,268.666666666667
2048,318.5
2049,337.5
2050,314.0
2051,334.0
2052,289.0
2054,260.0
2056,284.0
2057,244.0
2058,272.5
2060,242.5
2061,260.5
20618,392.5
20619,417.0
2062,-82470.0
20620,406.0
2064,50.0
2066,68.2
2067,85.4
2068,93.8
2070,112.2
2071,80.0
2073,92.4
2074,67.8
2076,-7760.36363636364
20761,-55603.9523809524
2080,159.0
2082,123.0
2083,135.0
2085,171.0
2090,36.0
2092,16.0
2093,29.0
2095,14.0
2099,14.6666666666667
21,190.75
2101,-23.6666666666667
2102,0.666666666666667
2103,-24.0
2104,8.0
2106,-19.0
2107,-39.3333333333333
2108,-18.3333333333333
2110,-43.6666666666667
2112,-68.3333333333333
2113,-57.0
21148,-12934.037037037
2115,-84.3333333333333
21151,231.363636363636
21158,109.666666666667
2117,-112.666666666667
2118,-18.6666666666667
21187,101.0
2119,9.33333333333333
2121,-10.3333333333333
2122,36.0
2123,-0.333333333333333
2124,41.0
21248,57.0
2125,2.0
2126,-28.0
2127,-55.6666666666667
2128,-10.0
2129,10.5
2130,-12.5
2131,-50.5
21317,-13555.1666666667
2133,-45.0
2134,-35777.8571428571
21365,-26548.3333333333
2137,-33004.6
2139,15.0
2141,-13.5
21411,275.0
2143,7.0
2144,18.5
2145,13.0
2146,40.0
2148,108.5
2149,104.5
2150,93.5
2151,83.5
2152,106.0
2153,127.5
2154,98.5
2155,81.5
2156,95.0
2158,126.5
21587,-38772.75
2159,119.666666666667
2160,169.666666666667
2161,121.333333333333
21618,409.0
2162,135.0
2163,167.333333333333
2166,-161.0
2167,-162.0
2168,-26372.8181818182
2170,133.8
2172,176.4
2173,187.6
2174,143.0
2175,155.2
2176,175.6
2177,216.5
2179,260.25
2180,230.5
2181,257.25
2182,235.0
2184,268.0
2185,288.0
2186,253.5
2187,270.5
2189,106.0
2190,129.0
2191,136.0
21917,-28144.0
2192,103.0
2194,66.6666666666667
2196,87.0
2197,45.3333333333333
22,186.75
22146,39.0
2228,-185.0
2231,-309.0
22365,-26559.0
2250,153.0
2251,172.4
2252,141.4
2254,166.0
22549,-43681.7368421053
2255,128.8
2256,158.6
2257,182.2
2258,157.4
2259,133.2
2260,140.166666666667
2261,117.5
22618,426.0
2262,88.1666666666667
22628,379.0
2263,96.5
2264,92.6666666666667
2265,60.6666666666667
2266,76.5
22661,39.3333333333333
22671,45.6666666666667
2268,150.0
2269,105.0
2270,125.6
2271,164.4
2273,139.2
2274,109.4
2275,110.6
22751,150.4
2276,139.2
2277,102.8
2278,71.2
2279,103.4
2280,70.0
2281,88.6
22818,-25995.0
22819,-25958.0
2282,59.0
22821,-25983.5
2283,110.6
2284,88.0
2285,72.6
2286,51.6666666666667
2287,86.3333333333333
2288,54.1666666666667
2290,190.142857142857
2291,161.285714285714
2292,70.1428571428571
2293,-12372.2857142857
2296,100.8
2297,61.2
2298,81.4
2299,39.3333333333333
23,202.5
2300,129.125
2304,134.125
2305,-10712.5
2307,-10711.125
2310,93.6666666666667
2312,114.5
2314,118.0
23151,140.0
2316,249.0
2318,242.428571428571
2319,173.0
2320,144.8
2321,199.0
2323,328.0
2324,201.0
2326,254.0
2327,206.0
2328,225.0
2329,231.0
2331,153.0
2332,183.0
2334,158.0
2335,187.0
2336,149.0
2338,190.0
2339,158.0
23391,-50673.1538461538
2340,166.0
2341,446.0
2342,395.5
2343,423.5
2345,424.0
2346,440.0
2347,407.5
2349,433.5
2353,440.0
2354,380.0
2355,388.5
2356,397.0
2357,348.0
2358,357.5
2359,380.0
2360,389.5
2361,316.333333333333
23618,383.0
2362,-42309.0
2363,44.6666666666667
2365,21.6666666666667
2366,40.3333333333333
2367,46.6666666666667
2368,30.3333333333333
2369,94.0
2370,52.3333333333333
2371,69.0
2372,105.666666666667
2373,78.6666666666667
2374,89.3333333333333
2375,92.3333333333333
2376,125.75
2378,138.5
2379,153.25
2380,144.0
2381,129.5
23823,-51.0
23826,-92.0
23832,-66.5
23835,-87.0
23841,106.5
2385,71.0
2386,91.0
2388,71.5
2389,48.0
2390,58.0
2391,47.5
2392,59.0
23921,19.0
2394,67.0
2395,55.0
23951,73.0
2396,88.0
2397,111.0
2398,87.0
24,174.0
2400,67.0
2401,52.0
2402,34.0
2404,21.0
2405,145.333333333333
2406,156.0
2407,150.0
2408,199.25
2410,224.0
2411,191.0
2412,216.666666666667
2413,203.333333333333
2414,191.333333333333
2415,196.666666666667
2416,219.333333333333
2417,214.666666666667
2418,218.333333333333
2419,24.0
2420,-17.5
2421,-17.5
2422,-59.0
2424,-95.5
2425,-84140.0
2426,-8.0
2427,7.0
2428,-19.0
24281,21.0
2429,-18.0
2430,-6.0
2431,5.0
2432,9.0
2433,14.0
2435,78.0
2436,34.0
2437,47.0
2438,63.0
2439,63.0
2440,-54.0
2441,-97.3333333333333
2442,1.75
2443,-18.75
2444,-24.3333333333333
2446,138.25
2447,113.5
2448,202.0
24481,-131.0
24482,-164.0
24483,-206.0
24484,-186.0
24485,-223.0
24486,430.0
24487,378.0
24488,406.0
24489,363.0
2449,181.333333333333
2451,256.5
2453,287.0
2454,262.0
2455,275.0
2457,268.0
24581,342.5
2459,394.5
2460,353.0
2461,351.0
24610,321.5
24619,99.0
2462,303.0
24621,269.5
24628,406.5
2463,228.5
2464,-27568.3333333333
2465,197.0
2466,170.0
2467,198.0
2468,150.0
2469,194.0
247,357.0
2470,219.0
2471,184.0
2472,214.0
2473,227.0
2483,368.5
2484,380.0
2485,344.0
2486,374.5
2487,347.0
2488,311.0
2489,321.5
249,183.0
2490,344.5
2491,312.0
2493,308.5
2494,224.5
2495,184.5
25,195.75
250,210.0
25059,-3.0
251,231.0
2510,343.5
2512,57.5
252,212.0
25236,122.5
253,239.0
2531,8.0
254,232.0
2545,29.5
2546,62.5
2547,77.5
2548,41.0
255,258.0
2550,-22916.2222222222
2551,-22954.1111111111
2553,-78766.6666666667
2554,-29603.1428571429
2555,-29603.8571428571
2556,-29632.4285714286
2558,-19899.7
2559,-19937.4
256,227.0
2560,-19929.0
2561,-23791.1666666667
25618,372.5
2564,-23932.5833333333
25641,-28934.5
2565,168.0
2567,219.0
2568,227.5
2569,221.0
2570,186.0
2571,242.0
25712,216.5
25713,233.5
2574,43.0
2575,255.75
2576,207.0
2577,221.0
2579,216.75
258,257.0
2580,239.25
25800,226.0
2581,222.25
2582,149.625
2583,227.75
2584,248.75
2586,271.5
2587,236.0
2588,276.5
2589,213.0
259,248.0
2590,222.666666666667
2591,223.333333333333
2593,365.0
2594,405.5
2595,374.0
25969,40.0
2597,307.5
25974,66.0
2598,416.0
25982,104.0
25986,42.0
25988,-16.0
25989,-84600.0
2599,376.5
25990,-58.0
25991,-30.0
25992,-67.0
25996,-84.0
25997,-17.0
260,284.0
2600,212.428571428571
2601,96.4285714285714
2605,127.0
2607,107.6
261,246.0
2610,41.75
2612,50.0
2613,93.5
26131,76.0
2615,59.5
2617,70.5
2618,192.25
262,273.0
2620,165.25
2621,203.75
2622,35.5
2623,50.0
2625,38.5
2626,134.666666666667
2627,238.25
2628,75.0
263,233.0
2631,295.0
2632,327.166666666667
2634,306.666666666667
2635,264.5
2636,188.0
2637,-33156.4
264,267.0
26434,290.0
26459,84.0
26466,-15377.0
26467,-15378.4
26495,-30952.0
265,246.0
2659,216.666666666667
266,290.0
2660,262.0
2661,282.5
26618,361.0
2662,273.0
2664,296.5
2665,350.0
2666,136.666666666667
2667,176.0
2668,112.0
2669,121.0
267,253.0
2670,90.75
2671,94.5
2672,113.5
2673,84.5
26734,-204.0
2674,338.5
2675,312.0
2676,360.0
2677,319.0
2678,340.5
2679,298.5
268,280.0
2680,314.0
2681,297.5
2682,254.0
2683,313.0
2684,278.0
2686,276.5
2687,294.5
2688,292.0
2689,123.75
269,191.0
2690,87.25
2695,44.0
2696,35.0
2697,67.0
2698,62.0
2699,39.6666666666667
27,159.25
270,247.0
2700,-83.0
2702,-85.0
2703,-110.0
2704,-185.5
2706,-206.0
2707,-227.0
27092,-9.0
2710,-203.5
2711,-189.0
2713,-139.5
2714,-135.333333333333
2715,228.666666666667
2718,31.5
2719,1.0
2721,35.6666666666667
2723,21.6666666666667
2725,4.33333333333333
2726,44.0
2729,18.3333333333333
2731,19.0
2733,-45.0
2734,23.3333333333333
2735,-4.0
2736,16.6666666666667
2737,29.0
2738,-10.0
275,54.0
2755,-21475.25
2757,-2.0
2759,88.3333333333333
2761,46.5
27618,355.5
2762,11.25
2763,26.75
277,28.0
2773,187.333333333333
2774,147.666666666667
2776,135.333333333333
2777,108.666666666667
2778,98.6666666666667
2779,97.3333333333333
278,53.0
279,96.0
28,150.25
280,64.0
281,85.0
2818,-25926.1666666667
2819,-25897.6666666667
282,63.0
2829,70.0666666666667
283,85.0
2832,22.4545454545455
284,100.0
2841,-348.0
2844,5.0
2845,22.0
2846,-25.0
2847,5.0
2848,-30.0
2849,6.0
285,66.0
2850,-29.0
2851,-8.0
2852,20.0
2853,-6.0
2854,32.0
2855,28.0
286,100.0
2860,-171.0
2861,-159.5
28618,388.0
2862,-205.0
2863,-222.5
2864,-202.5
2865,-243.0
2866,-284.5
2867,-309.5
2875,26.5
2879,43.0
288,98.0
2880,24.5
2883,56.0
2884,11.5
2885,30.0
2886,6.0
2887,-40.0
2889,-24.0
289,122.0
2890,-11.0
2891,-43.0
2892,-33.0
2893,-81.0
2894,-33.0
2895,-23.0
2896,-66.0
2897,-99.0
2898,-88.0
2899,-61.0
29,133.25
290,88.0
2900,-83.0
29001,-84087.6923076923
29003,-85200.0
29005,-84000.0
29006,-84300.0
29007,-83400.0
29008,-84300.0
2901,-67.0
29010,-82800.0
29011,-83880.0
29012,-84600.0
2902,-54.0
2904,-19091.75
29049,-38790.5
2905,60.0
29051,-25771.0
29052,-25869.0
2906,32.0
2907,41.0
2908,66.0
2909,24.0
291,110.0
2910,-38375.0
2911,-38397.25
2912,-38401.5
2913,-38435.75
2914,-38458.0
2915,-38433.0
2916,-38463.25
2918,-38457.25
2919,-38472.5
292,131.0
2920,-38498.5
2922,-19116.0
2923,-19105.25
2924,-19081.5
2925,-19098.5
2926,-19080.0
2928,-19061.0
2929,-19070.0
293,98.0
2930,-19062.5
2931,-19058.0
2932,-19073.0
2933,-19089.25
2934,-19134.75
2935,340.0
2936,-83580.0
2937,278.0
2938,249.333333333333
2939,199.666666666667
2940,220.666666666667
295,29.0
296,57.0
29618,366.5
3,88.8
30,90.75
30009,-21510.5
30249,331.75
30250,-41609.125
30251,78.0
30270,223.0
30272,193.0
30287,78.0
30294,127.0
3038,-144.5
30618,389.5
30619,373.5
30620,353.5
3065,120.0
3066,100.0
3067,87.5
3068,50.5
3069,80.5
3070,41.5
3071,18.5
3073,52.0
3075,31.5
3077,69.0
3078,-41862.0
3079,38.5
3080,1.0
3081,13.5
3082,-21.5
3083,11.0
3084,96.0
3085,118.0
3086,143.0
3088,122.666666666667
3089,105.0
31111,52.5
31187,96.5
31255,26.75
31256,39.25
31257,66.75
31259,35.5
31317,-13579.5
31365,-26592.6666666667
31391,-26439.8333333333
31618,369.0
31619,445.0
31628,321.5
32,65.8333333333333
32000,-12418.5714285714
32001,-42093.25
32002,-42278.0
32003,-48392.5714285714
32004,-33711.2
322,232.0
323,-50380.0
3237,132.0
3239,105.0
3240,112.0
3241,82.0
3242,103.0
3243,119.0
3244,67.0
3245,89.0
3246,104.0
3247,56.0
3249,94.0
325,94.0
3250,58.0
32501,162.666666666667
3251,71.0
3252,23.0
3253,40.0
3254,-9.0
32549,-14591.4
3255,8.0
3256,20.0
3257,-31.0
3258,-24.0
3259,-1.0
3260,-39.0
3261,-28.0
32619,403.0
3262,-13.0
32628,356.5
3263,-62.0
32638,368.0
3265,-39.0
3270,-58.0
3271,-48.0
3272,-39.0
3273,-26.0
3274,-73.0
3276,-52.0
32760,-102.0
3277,-92.0
3278,-82.0
3279,-125.0
3280,-115.0
3281,-104.0
32818,-26028.5
3283,-136.0
32831,-128.0
3284,-109.0
3286,-146.0
3287,-122.0
3288,-157.0
3289,-207.0
3290,-233.0
3292,68.0
3295,47.0
3298,67.0
3299,75.0
33,-38033.5454545455
3300,24.0
3301,35.0
3303,66.0
3304,49.0
3305,69.0
3306,85.0
3307,104.0
33076,43.5
33077,19.5
3308,61.0
3309,92.0
3310,107.0
3311,123.0
3312,81.0
3314,113.0
3315,122.0
3316,76.0
3317,84.0
3320,105.0
3321,51.0
3322,70.0
3323,80.0
33241,-12416.0
3326,132.25
3327,89.25
3328,271.0
3330,283.0
3331,63.0
3332,63.0
3333,83.0
3335,72.0
3336,33.0
3337,61.0
3338,19.0
3339,49.0
334,-46574.9333333333
3341,22.0
3343,55.0
3344,10.0
3345,21.0
3347,57.0
3348,36.0
3349,-6.0
3350,23.0
3351,38.0
3352,51.0
3353,58.0
3354,9.0
3355,28.0
3356,44.0
3358,0.0
3359,15.0
3360,1.0
3361,11.0
33618,323.0
33619,427.5
3362,19.0
3363,-27.0
3364,-9.0
3365,-56.0
3366,-78.0
3368,-129.0
3369,-162.0
33691,-144.0
3370,-174.0
3371,-167.0
3372,-154.0
3373,-199.0
3375,76.5
3376,90.5
33761,44.0
3377,64.5
3378,84.5
3379,113.5
3380,64.5
3382,69.0
3384,42.5
3385,52.5
3386,72.0
3387,93.5
3388,40.5
3389,71.0
3391,60.5
3392,69.5
3393,24.5
3394,40.5
3395,56.0
3396,14.0
3397,23.5
3398,34.5
3399,-16.0
34,21.2
3400,-2.0
3401,-20.5
3402,0.5
34021,-51.0
3403,-24.0
3404,-4.0
3405,-46.0
3406,-36.5
3407,-82.5
3408,-49.5
3410,-67.0
3411,-121.0
3412,-108.5
3413,-86.0
3415,-131.0
3416,-105.0
3417,-143.0
3418,-82.0
3420,-17240.0
3422,-12427.0
3423,-12438.2857142857
3425,66.0
34618,336.0
34619,394.5
35,39.4
3513,68.0
3515,-3.5
3516,24.0
3518,51.5
3520,18.0
3521,-32.5
3522,-22.5
3523,-10.5
35236,131.0
3524,-38.0
3525,-25.5
3526,66.0
3527,29.0
3528,42.3333333333333
3529,66.6666666666667
3530,80.3333333333333
3531,39.0
3532,-12.0
3533,-5.0
3534,6.33333333333333
3535,14.0
3536,21.6666666666667
3537,-10.0
3538,-25.6666666666667
3539,-17.0
3541,0.5
3542,-17.0
3543,9.5
3544,23.0
3545,16.0
3547,1.5
3548,-47.5
3549,-28.5
3550,-56.5
3551,-46.5
3553,-32.0
3555,-38.5
3556,-24.5
35571,-6.5
3558,16.0
3560,5.5
3561,-10.5
35618,346.5
35619,436.0
3563,22.5
3565,-40.5
3566,-19.5
3567,-55.5
35704,-13.3333333333333
35751,232.25
35765,181.666666666667
35772,-17090.0
35773,-17082.4
3582,-27713.0
3589,32.0
3590,17.0
3592,4.0
3594,36.0
3595,11.0
3597,-2.0
3598,20.0
3599,34.0
3600,1.0
3602,-22.0
3603,-23.0
3604,-6.0
3605,5.0
3607,3.0
3608,-49.0
3610,-60.0
3611,-45.0
3612,-30.0
3613,-19.0
3614,-58.0
3616,-48.0
3617,-81.0
3618,-69.6666666666667
3619,-66.6666666666667
362,-38369.75
3620,-80.0
3621,-66.6666666666667
3622,-76.0
3623,-67.6666666666667
3624,-78.0
3626,-99.0
3627,-89.3333333333333
3629,-119.333333333333
3630,-96.0
3631,-66.0
3632,-96.0
3633,-93.6666666666667
3634,-87.0
3635,-117.666666666667
3636,-109.0
3638,-138.333333333333
3639,-128.666666666667
3640,-86.6666666666667
36434,272.0
36459,105.5
36466,-15341.2
36479,-12855.3333333333
36495,-30936.4
36538,220.75
36539,219.666666666667
36540,-28628.6666666667
36541,253.75
3660,-30.0
3661,-66.0
36618,315.5
3662,-45.0
3664,-80.0
3665,-71.0
3666,-55.0
3667,-105.0
3668,-76.0
3669,-62.0
367,61.0
3670,-101.0
36701,-80.0
3671,-132.0
3672,-118.0
3673,-107.0
3674,-143.0
3675,-123.0
3676,-88.0
3677,-134.0
3678,-129.0
3679,-111.0
3682,-157.0
36821,-147.0
3683,-106.0
36831,-147.0
3684,-42519.5
36841,0.0
36842,-15.0
36843,-19.0
36844,-27.0
36845,-58.0
3685,-4.0
3686,-52.0
3687,-42.0
3688,-35.0
3689,-19.0
369,62.5
3690,-10.0
3691,-61.0
3692,-35.0
3693,-17.0
3694,-59.0
3695,-49.0
3696,-42.0
36961,-14.0
3697,-65.0
3698,-47.0
3699,-95.0
3700,-73.5
3701,-65.5
3702,-108.5
3703,-100.0
3705,-74.0
3706,-124.0
3707,-93.0
3708,-86.0
3709,-129.666666666667
371,36.8333333333333
3710,-117.333333333333
3711,-157.0
3713,-71.0
3714,-111.0
3715,-107.0
37150,-53098.375
3716,-154.0
3717,-145.0
3718,-139.0
3719,-188.0
372,23.0
3720,-170.0
3722,-211.0
3724,-274.0
3726,-298.5
3727,-281.0
3728,-333.0
3729,-324.0
373,18.3333333333333
3731,-360.0
3732,-346.5
3733,-372.5
374,10.3333333333333
375,39.0
376,15.3333333333333
37618,284.5
378,0.0
3784,-92.0
3785,-119.0
3786,-107.5
3787,-100.0
3788,-146.0
3789,-136.0
3790,-101.0
3792,-160.0
3793,-186.0
3796,-208.5
3798,-191.0
3799,-233.5
3800,-221.5
3801,-274.0
3802,-263.5
3803,-252.5
3804,-303.0
3806,-334.5
3808,-309.0
3809,-292.0
381,102.714285714286
3811,-340.0
3812,-331.0
3813,-323.5
3816,-345.0
3817,-326.0
3819,-351.5
382,127.857142857143
3820,-325.5
3821,-255.0
3822,-237.5
3823,-225.75
3824,-16997.0
3825,-84.0
3826,-130.0
3827,-125.0
3828,-109.0
3829,-148.0
383,96.2222222222222
3830,-140.0
3831,-186.0
38331,-183.0
38391,-225.0
384,110.4
3841,-259.0
38411,-306.0
3842,-297.0
3843,-335.0
3844,-323.0
3845,-362.0
3846,476.0
3848,495.0
3849,444.0
385,154.0
3850,458.0
38501,-217.0
38502,-242.5
3851,472.0
3852,486.0
3853,497.0
3854,449.0
3855,471.0
3857,464.0
3858,474.0
3859,432.0
386,198.285714285714
3860,443.0
3861,398.0
3862,404.0
3863,364.0
3864,370.0
3865,388.0
3866,351.0
3867,356.0
38671,-13840.5
3868,478.0
387,203.428571428571
3870,433.0
3872,473.0
3873,432.0
3874,472.0
3876,425.0
3877,433.0
38771,441.0
3879,449.0
388,190.571428571429
3881,415.0
3882,383.0
3883,392.0
3884,405.0
3885,415.0
3887,380.0
3888,342.0
3890,382.0
3891,396.0
3892,374.0
3893,385.0
3894,343.0
3895,353.0
3896,370.0
3897,329.0
390,202.142857142857
3900,127.0
3901,148.0
3902,109.0
3903,116.0
3905,135.0
3906,145.0
3907,158.0
39081,200.0
3910,161.0
3911,182.0
3913,201.0
3915,164.0
3916,172.0
3917,139.0
3918,107.0
392,190.285714285714
3921,150.0
3922,158.0
3923,174.0
3925,133.5
3926,157.0
3928,142.5
393,224.142857142857
3930,154.0
3931,-42923.5
39321,-154.0
3933,-42917.5
3934,-42954.0
3935,-42938.5
3936,-42969.5
3937,-42959.5
3938,-42950.5
3939,-42931.5
394,171.25
3940,-42960.5
39401,-271.0
3941,-42949.5
3943,-28543.0
3944,-28527.0
3945,-28576.3333333333
3946,-28563.6666666667
3947,-28568.6666666667
3948,-28589.3333333333
3949,-28633.3333333333
395,216.5
3950,-28641.6666666667
3959,-28651.0
396,242.454545454545
3966,341.0
3967,389.0
3968,407.0
3969,356.0
39692,53.0
39693,31.0
39694,-30.0
39695,6.0
39696,-18.0
3970,368.0
3971,388.0
3972,392.0
3973,345.0
3975,362.0
3976,376.0
3977,334.0
3978,347.0
3979,360.0
3980,372.0
3981,330.0
3982,348.0
3984,378.0
3985,330.0
3986,343.0
39870,-42464.5
3988,72.0
3990,97.0
3991,109.0
3992,124.0
3993,78.0
3996,111.0
3997,137.0
3998,85.0
3999,98.0
4,73.375
4000,115.0
40001,277.818181818182
4001,128.0
4002,140.0
4003,96.0
4004,109.0
4006,141.0
4007,144.0
4008,93.0
4009,99.0
401,249.555555555556
4010,118.0
4017,146.0
4019,-78.0
4020,-82.5
4023,-124.0
4024,-238.0
4032,-223.0
4034,-243.0
4035,-273.0
4036,-305.0
4037,-271.0
4038,-323.0
4039,-312.0
404,272.444444444444
4040,-291.0
4042,-329.0
4043,-321.0
4044,-353.0
4046,-387.0
4047,-436.0
4049,-420.0
405,289.333333333333
4050,-471.0
4051,-461.0
4053,-493.0
4054,-478.0
4055,-524.0
4056,-561.0
4057,-538.0
4058,-587.0
406,309.222222222222
4061,177.0
40618,197.0
40619,386.0
4062,228.0
4063,165.0
4064,214.0
4065,185.0
4066,193.0
4069,171.0
407,298.0
4071,189.0
4072,141.0
4074,164.0
4075,132.0
4076,142.0
4078,108.0
4079,127.0
4080,131.0
4081,148.0
4082,110.0
4083,143.0
4084,113.0
4085,133.0
4086,94.0
4087,239.0
4088,192.0
4089,201.0
4092,178.0
4093,189.0
4094,220.0
4095,168.0
4096,177.0
4097,191.0
4098,202.0
4099,212.0
41,16.75
410,268.444444444444
4100,188.0
4101,217.0
4102,170.0
4103,186.0
41031,240.0
41032,204.0
41033,216.0
411,266.888888888889
41111,74.5
41187,119.0
412,270.222222222222
413,185.714285714286
41391,-26466.0
414,182.0
4146,-57.0
4147,-34.0
4149,-25.0
415,-7857.0
4152,-64.0
4153,-50.0
4154,-21.0
4155,-65.0
4156,-48.0
4157,-37.0
4158,-20.0
4159,-13.0
416,-16494.2
4160,-56.0
4161,-50.0
41618,211.0
4162,-27.0
4163,-16.0
4164,-61.0
4165,-46.0
4166,-66.0
4167,-57.0
4168,-86.0
4169,-69.0
41692,-305.0
41693,-334.0
417,-14957.8181818182
4171,-106.0
4172,-80.0
4173,-67.0
4174,-115.0
4175,-71.0
4177,-91.0
4179,-132.0
4180,-114.0
4181,-148.0
4182,-130.0
4183,-161.0
4184,-152.0
4185,-140.0
4186,-186.0
4187,-167.0
4188,-147.0
41883,9.5
4189,-194.0
419,-14989.0909090909
4190,-163.0
4191,-153.0
4193,37.0
4194,89.0
4195,106.0
4198,66.0
42,67.75
420,-20113.5
4200,84.0
4201,33.0
4202,54.0
4203,76.0
4204,98.0
4205,104.0
4206,62.0
4207,79.0
4208,90.0
4209,44.0
421,-20151.5
4214,-151.0
4215,-145.0
4216,-138.0
4217,-126.0
4218,-118.0
4219,-102.0
422,-20191.25
4220,-150.0
4221,-123.0
4222,-113.0
4223,-154.0
4224,-138.0
4225,-130.0
4227,-111.0
4228,-145.0
4229,-135.0
423,-20156.0
4230,-166.0
4232,-140.0
4233,-83400.0
4234,25.0
4235,-21.0
4236,-15.0
4237,6.0
4238,12.0
4239,22.0
424,-20219.75
4240,29.0
4241,39.0
4242,-4.0
4243,11.0
42430,21.0
4244,32.0
4245,42.0
4246,48.0
4247,0.0
4248,12.0
4249,20.0
425,-20200.5
4250,35.0
426,-18376.1111111111
42618,319.0
4277,-27783.0
4278,49.0
4279,112.0
428,-18429.3333333333
4280,125.0
4281,135.0
42818,-26076.3333333333
42819,-51457.7272727273
4282,83.0
4283,93.0
4284,106.0
4285,115.0
4286,68.0
42876,37.0
4288,87.0
42883,21.5
42885,-14.5
4289,42.0
4290,60.0
4291,74.0
4292,56.0
4293,69.0
4294,19.0
42951,29.0
4297,55.0
4298,65.0
4299,19.0
43,48.75
430,-18474.7777777778
4300,34.0
4301,-11.0
43011,11.0
4303,29.0
4304,45.0
4305,57.0
4306,11.0
4307,19.0
4308,36.0
4309,44.0
4310,59.0
4311,71.0
4312,23.0
43618,272.0
44,67.0
4451,122.0
4453,13.5
4455,67.0
4456,18.0
4457,35.0
4458,43.0
4459,39.0
44618,303.0
4462,99.0
4463,139.0
4465,107.0
4467,141.0
4469,119.0
4470,73.0
4472,105.0
4473,123.0
4474,71.0
4475,86.0
4477,101.0
4479,79.0
4480,91.0
4481,45.0
4482,68.0
4483,-50.0
4484,-82.0
4485,-46.5
4486,-77.0
4487,42.0
4488,26.6
4489,44.5
4490,-21572.5
4491,-21587.0
4492,-21579.0
4494,-21553.75
4495,-21554.5
4497,-21628.0
4498,-21583.75
45,48.5
4500,-184.0
45002,-33389.0
45003,123.0
45059,-114.0
45079,20.0
45080,12.0
4512,28.6666666666667
4513,63.6666666666667
4515,29.6666666666667
4516,-19.6666666666667
4518,20.0
4520,40.0
4521,151.166666666667
45211,91.75
4522,137.333333333333
4523,143.666666666667
4524,124.666666666667
4525,179.0
4526,82.0
45261,68.0
4527,-52.5
4528,-44.5
4529,-25.0
4530,-63.5
4531,-30.0
4532,-46.0
4533,-11.5
45332,8.0
4534,-63.0
4535,-48.5
4537,-43246.5
4538,-43203.0
4539,-43189.0
4540,-43237.0
45406,23.5
4541,-43214.5
4544,-43230.5
4546,-43248.0
4547,-43203.0
4553,-43210.5
45534,-134.0
4554,-43214.0
4555,-43294.0
4557,-43322.5
4558,-43353.5
45581,191.0
4559,-43342.5
4560,-43380.5
4561,173.0
45618,325.0
4562,-43411.5
4563,-43223.0
457,126.333333333333
458,105.0
4581,178.0
4582,147.0
45833,-29.0
45834,-69.0
4597,97.0
46,84.0
460,143.0
4601,60.0
4602,26.0
4603,38.0
4604,69.0
4605,79.0
4606,31.0
4607,39.0
4608,53.0
4609,64.0
461,120.333333333333
4610,45.0
4611,54.0
4614,43.0
46170,162.0
463,109.333333333333
46434,104.0
46435,125.0
46459,119.0
46467,-15361.8
46495,-25783.8333333333
465,111.666666666667
46619,402.0
4662,229.0
4664,205.0
4665,154.0
4666,180.0
4667,134.0
4668,90.0
4669,102.0
467,150.0
4670,111.0
4671,122.0
4672,79.0
4673,93.0
46734,-231.0
4674,127.0
468,343.4
469,131.666666666667
47,33.0
470,155.333333333333
4701,12.0
4702,34.5
4703,9.5
4704,-17.5
4705,13.0
4706,-26.0
4707,-65.5
4708,-47.0
4709,14.5
471,350.2
4710,-51.5
4712,-118.0
4714,-130.5
4717,369.25
4718,-243.0
472,385.6
4720,-257.0
4721,-290.0
4722,-43561.0
4727,50.0
4728,210.666666666667
473,135.333333333333
4730,-37.0
4731,-30.0
4732,-52.0
4733,250.333333333333
4736,0.0
4738,-14.0
4739,31.0
4741,130.0
4742,80.0
4743,121.0
4744,74.0
4745,107.5
4746,98.0
4747,49.0
4749,124.0
475,363.6
4751,121.0
4752,129.5
47526,-117.0
47527,-110.0
4755,70.0
47618,297.0
47619,432.0
47620,399.0
477,350.0
4779,34.5
478,346.2
4781,51.5
4782,4.5
4784,14.5
4785,27.5
4786,36.0
4787,-17.0
4788,-5.5
4789,12.0
4790,-23.5
4791,-14.0
4792,3.5
4793,-32.0
4794,-13.0
4795,8.5
4796,-39.5
4797,-17.5
4799,-46.5
48,43.0
480,327.0
4800,-36.0
4801,-2.5
4802,-28.0
4803,8.0
4804,24.0
4805,43.0
4806,-2.5
4807,-27990.0
4811,79.0
4813,104.5
4814,63.5
4815,79.0
4816,96.0
4817,48.5
4818,60.5
4819,79.5
482,312.2
4820,27.5
4821,33.0
4822,57.5
4823,24.5
4824,33.5
4825,42.5
4826,56.0
483,354.0
48304,15.0
4832,-35.0
4834,6.0
4835,27.0
4836,-18.0
4837,3.0
4838,23.0
4839,7.0
4840,47.0
4841,58.0
4843,32.0
4844,48.0
4845,63.0
4846,29.0
4847,47.0
4848,11.0
4849,21.0
485,-16937.8
4850,32.0
4851,-5.0
4852,42.5
4853,47.5
48541,19.0
4855,-23.0
4856,12.0
4857,55.5
4858,3.5
4859,19.0
4860,30.5
4861,-7.0
48618,308.0
48619,419.0
4862,3.0
4864,-16.0
4886,-9.0
4891,-58.0
4892,-31.5
4895,-30.0
49,3.0
49001,-35733.0
49002,51.7142857142857
49003,137.285714285714
4901,4.0
4902,16.5
4903,-23.5
4904,-10.5
49040,115.0
4905,5.5
4906,-40.5
49061,98.0
49067,82.0
4907,-22.0
4908,-11.5
4909,-58.5
49096,109.0
4911,-31.0
4912,-9.0
4913,-57.5
4914,-41.0
4915,-21.0
49157,3.0
49158,18.0
4916,-66.5
49164,-1.0
49221,-5.0
4933,167.0
4934,165.0
4935,145.0
4936,166.0
4937,189.0
4938,160.0
4939,184.0
494,-39206.0
4940,149.0
4941,184.0
4942,150.0
4943,171.0
4945,118.0
4948,165.0
4949,161.0
4950,126.0
4951,61.0
4952,26.0
496,-39156.75
49618,340.0
49619,438.0
497,-39189.0
498,-39242.75
499,-39223.25
5,45.0
50,27.0
5002,29.8333333333333
50021,87.6666666666667
5003,-37.0
5004,-17.25
5005,-37.75
5006,17.0
5008,193.0
501,-39197.5
5012,68.25
5014,9.0
5015,14.75
5019,125.333333333333
5021,153.5
5031,56.6666666666667
5032,63.0
5034,233.0
5035,273.0
5036,247.0
5037,279.0
5038,230.0
5039,180.0
5040,158.0
5059,-68.0
5060,-103.0
5061,-58.0
50618,328.0
50619,451.0
5062,-50.0
50620,466.0
5066,23.0
5067,-9.0
5068,15.6666666666667
5069,-17.3333333333333
507,-47349.6
5070,-28.3333333333333
5072,-18403.5555555556
5074,39.5
5075,28.5
5076,83.0
5077,38.0
5078,67.0
5079,15.5
508,-47337.2
5080,24.5
5081,40.0
5083,52.0
5084,61.0
5085,23.0
5086,41.0
5087,54.0
5088,22.0
50881,-18.0
5089,90.3333333333333
509,-47392.8
5091,178.0
5093,-20.1666666666667
5095,-18.0
5098,83.5714285714286
51,6.0
510,-47386.8
5100,132.857142857143
5104,-12842.0
51111,37.0
51187,82.5
51317,-13590.3333333333
51365,-26628.5
51618,336.0
52,25.0
520,-35311.0
5210,0.0
5211,-35.0
5212,-9.0
5213,22.0
5214,-22.0
5215,79.0
5217,68.0
5218,29.0
5219,37.0
522,-19095.5
5220,47.0
5221,58.0
5222,9.0
5223,27.0
5224,40.0
5225,56.0
5226,29.0
5227,62.0
5228,37.0
5229,48.0
523,-39709.2666666667
5230,-4.0
5231,16.0
5232,-39669.7333333333
5233,94.0
5234,60.5
5235,69.0
5236,142.0
524,-39696.4666666667
5240,-39741.2666666667
5241,70.0
5243,39.0
5244,51.0
5245,14.0
5246,-4.0
5247,10.0
5248,32.0
5249,3.0
525,-39735.0
5250,9.0
5251,22.0
5252,32.0
5253,-7.0
5254,-4.0
5255,22.0
5256,32.0
5257,18.0
5258,-35.0
5259,-14.0
526,-47268.2
5260,-46.0
5261,-86.0
52618,368.0
5262,-122.0
5263,-42074.0
5264,17.5
5265,-8.5
5266,0.5
5267,-30.5
5268,14.5
5269,0.5
527,-47311.4
5270,-27.0
5271,-35806.8571428571
5274,68.0
5275,41.0
5276,61.0
5277,21.0
5279,55.0
528,-47298.4
5282,36.0
5283,48.0
5284,0.0
5285,14.0
5286,-25.0
5287,-6.0
5289,39.1428571428571
529,-47332.4
5290,81.5
5291,-38.0
5292,-84.0
5293,-66.0
5294,-54.0
5295,-99.0
5296,-83.0
5297,-103.0
5298,-88.0
5299,-110.0
530,-47307.8
5300,-148.0
5301,-190.0
5302,-176.0
5303,-219.0
5305,29.0
5306,39.0
5307,5.0
5308,43.0
5309,97.0
5310,115.0
5311,75.0
5312,117.0
5314,140.0
5315,110.0
5316,123.0
5317,143.5
5319,53.25
532,-47418.2
5321,114.0
5322,99.0
5323,132.0
5324,89.0
5325,-28.0
5327,-73.5
53270,-16773.7
5328,137.333333333333
533,-26388.3333333333
5330,-24.0
5331,-2.0
5332,5.0
5333,-63.0
5334,-34.0
5335,3.5
5336,-84.5
5337,23.0
5338,-18.3333333333333
534,-26433.4444444444
5342,20.6666666666667
5343,62.5
5344,66.5
5345,113.5
5347,94.5
5348,134.5
5349,108.0
5350,147.5
5351,124.0
5352,154.0
5353,126.0
5354,141.5
5355,42.6666666666667
5356,55.6666666666667
5357,32.3333333333333
5358,74.6666666666667
5359,34.0
536,-26128.8333333333
5360,77.0
5361,42.0
53618,382.0
5362,31.3333333333333
5363,0.666666666666667
5364,-45.6666666666667
5365,-62.6666666666667
5366,-42.0
5369,-64.5
537,-22378.7142857143
5373,51.0
5374,77.5
5395,61.0
5396,76.0
5397,75.0
5398,91.5
5399,79.0
540,-39267.75
5400,83.5
5401,71.5
5403,44.5
5404,70.0
5405,32.5
5406,44.0
5408,20.0
5409,18.0
541,-39284.0
5410,48.0
5411,23.0
5412,34.0
5413,41.5
542,-39327.25
543,-40263.6153846154
5432,9.0
5433,-40.0
5434,-17.0
5435,-39.0
5436,-25.0
544,-40252.1538461538
5440,157.666666666667
5441,176.666666666667
5442,105.0
5443,122.5
5444,92.25
5445,112.25
5447,62.0
5449,54.0
545,-40299.9230769231
5451,63.5
5452,18.0
5453,31.0
5454,-9.0
5457,24.0
5459,8.66666666666667
546,-37441.2142857143
5460,35.0
5461,60.3333333333333
54618,373.0
5462,54.3333333333333
5463,32.0
5464,31.0
54651,-4.66666666666667
5466,-11.5
5467,-28.5
5468,-49.0
5469,-124.0
547,-35886.4210526316
5472,-27687.0
5473,43.5
5474,6.0
5475,18.5
5476,32.5
5478,34.5
5480,91.5
5481,61.0
5482,76.0
5483,36.5
5484,60.5
5485,75.5
5486,60.5
5487,48.0
5488,62.0
5490,95.0
5495,96.25
5496,-83532.0
5497,30.5
5498,52.75
5499,83.5
55,122.571428571429
5500,-1.4
5501,-8.2
55011,-5.0
55012,-29.8
5502,-79.6
5504,47.0
5505,39.2
5506,17.8
5507,9.6
5508,83.6
5509,64.4
5510,40.6
5513,-13.8
5514,-13.8
5515,68.0
5517,27.8333333333333
5519,55.6666666666667
5520,50.6666666666667
5521,92.6666666666667
5522,98.6666666666667
5523,131.0
5524,99.3333333333333
5525,72.3333333333333
5527,42.0
5529,-28765.3333333333
553,-41304.5
5530,-28796.0
5531,-28799.3333333333
5532,-28816.3333333333
5537,477.0
5538,536.0
5539,492.0
554,-41339.5
5540,529.0
5541,542.0
5542,561.0
5543,593.0
5544,562.0
5546,576.0
5547,-38261.1666666667
5549,644.0
555,-41313.75
5550,609.0
5552,634.0
5553,605.0
5554,647.0
5555,680.0
5556,716.0
5557,704.0
5558,660.0
5559,209.0
556,-41366.0
5560,204.6
55600,-25991.8333333333
5561,209.666666666667
55618,405.0
5562,34.5
5563,39.6666666666667
5565,66.5
5566,139.0
5567,119.0
5568,161.0
5569,122.0
557,-39054.25
5570,156.0
5571,128.0
5572,94.0
5574,138.0
5575,150.0
5576,99.0
5577,113.0
5578,153.0
5579,170.0
558,-39045.75
5580,142.0
5581,158.0
5582,207.0
5583,222.0
5585,234.0
5586,269.0
5587,142.4
5588,153.0
5589,113.3
559,-39033.5
5590,131.7
5591,100.8
5592,109.4
5593,129.2
5594,91.8
5595,107.8
5596,134.2
5597,116.7
5598,133.2
5599,104.9
560,-39022.5
5600,119.6
5602,97.4
5603,124.8
5605,124.6
5606,152.4
5607,125.7
5609,80.8
561,-39072.5
5611,116.75
5612,94.4166666666667
5613,100.916666666667
5614,110.0625
5615,104.0
5617,239.0
56170,74.0
5618,120.25
5619,88.9166666666667
5620,105.416666666667
5621,87.5
5623,122.75
5624,103.083333333333
5625,129.5
5626,128.166666666667
5627,105.583333333333
5628,72.1538461538462
5629,94.7692307692308
5630,112.769230769231
5631,72.0
5632,-6601.61538461538
5633,-6581.0
5636,-6609.0
5637,125.0
5638,148.0
56434,72.5
56459,86.5
56479,-12847.6666666667
56495,-25759.8333333333
5653,183.6
56567,-15359.8
56618,432.0
5664,319.0
5665,341.5
5666,280.333333333333
569,149.0
5691,691.0
5692,644.0
5693,659.0
5695,31.5
57,-43346.4
570,131.0
5700,4.0
5701,-23.6666666666667
5703,-23.0
5704,1.66666666666667
5709,9.0
571,165.0
5711,65.5
5713,58.5
5714,135.5
5715,140.0
5718,93.0
5719,80.8
572,222.0
5720,99.6
5721,155.2
5722,112.4
5723,132.0
5724,155.8
5725,128.0
5726,143.2
5728,174.0
5729,206.4
5730,203.4
5731,195.2
5732,189.6
5733,225.6
5734,172.4
5736,166.666666666667
5737,191.833333333333
574,204.0
5740,-41487.3333333333
57400,-188.0
5742,158.833333333333
5743,134.0
5745,141.5
5746,126.0
5747,178.5
5748,157.5
5749,142.0
575,173.0
5750,211.0
5751,240.5
5752,235.25
5753,235.75
5754,231.5
5755,169.6
5756,180.6
5757,188.4
5759,203.8
576,189.0
5760,183.0
5761,167.0
57618,401.0
5763,168.333333333333
5765,152.333333333333
5768,195.666666666667
577,206.0
5770,-17086.4
5771,-17078.6
5774,-17072.0
578,160.0
5783,203.666666666667
5784,191.666666666667
5786,275.0
5788,265.666666666667
579,126.0
5790,386.25
5792,366.0
5794,368.0
5797,387.5
5798,390.5
58,-43343.4
580,140.0
583,-77.0
5831,-41.0
5839,44.0
584,-52.0
5841,74.0
5842,44.0
5843,79.0
5844,92.0
5848,78.0
5849,104.0
585,-43.0
5850,96.0
5851,139.0
5852,102.0
5853,133.0
5854,107.0
5857,-156.0
5858,-113.0
5859,-83.0
586,-36.5
5861,-95.0
58618,410.0
5862,-72.0
5863,-60.0
5864,-91.0
5865,-65.0
5867,289.0
5868,287.5
5869,293.5
587,-74.5
5870,288.5
5871,279.0
5872,395.0
5873,375.5
5874,362.5
5875,327.5
5877,346.0
5878,341.5
5879,346.5
588,-49.0
5880,-27693.0
5881,197.777777777778
5882,329.0
5883,353.5
5884,313.0
5886,307.0
5887,275.5
5888,288.5
5889,251.0
5890,224.5
5891,253.0
5892,235.5
5893,186.0
5894,167.0
5895,181.5
5896,145.0
59,-33316.1818181818
590,-41.6666666666667
591,2.0
593,-36.6666666666667
594,-25.6666666666667
595,-10.3333333333333
596,71.0
59618,437.0
5962,6.0
5963,31.0
5967,63.0
5968,67.0
597,94.0
5975,-6.0
5976,0.0
5978,-46.0
598,73.0
5980,-32.0
5982,-5.0
5983,4.0
5985,-35.0
5986,-18.5
5987,8.5
5988,23.0
599,104.2
5990,-7.0
5991,11.0
5992,-28.0
5993,23.5
6,-39246.0
60,119.875
600,122.0
601,140.8
602,168.0
6022,246.75
603,281.666666666667
604,321.666666666667
605,300.333333333333
606,336.0
60618,428.0
60620,477.0
607,346.0
608,321.666666666667
609,316.666666666667
61,73.125
610,332.666666666667
6103,74.0
6104,133.0
6106,203.0
6108,233.0
6109,184.0
611,291.0
6110,199.0
6111,213.0
6112,226.0
6113,177.0
6114,192.0
6115,224.0
6116,235.0
6118,237.0
61187,40.0
6119,212.0
612,304.333333333333
6120,238.0
6121,258.0
6122,207.0
6123,222.0
6124,237.0
6125,60.5
6126,80.0
6127,78.0
6128,94.5
6129,86.0
613,351.333333333333
6130,84.5
6131,101.5
6132,76.5
6133,90.5
6134,54.5
6135,72.0
6136,110.0
61365,-26669.1666666667
6137,71.0
6138,81.5
6139,95.5
61391,-26483.0
614,313.333333333333
6140,143.5
6142,257.5
6143,240.5
6144,219.5
6145,201.5
6146,216.0
6147,257.5
6148,237.0
6149,247.5
615,331.0
6150,264.5
6151,246.5
6152,264.0
6153,284.0
6154,-42960.5
6155,-42953.0
6156,-42927.5
6157,-42937.5
6158,-42856.0
6159,-42906.0
616,312.666666666667
6160,-42897.5
6161,-42888.0
61618,453.0
6162,-42937.0
6163,-42925.0
6164,-42936.0
6165,-42939.5
6166,-42959.0
6167,-42980.5
6168,-42962.5
6169,-42963.0
6170,-42981.0
6171,-42993.0
6173,-43008.5
6174,-42995.5
6175,-43011.5
6176,-43028.0
6177,-43011.0
6178,-43044.5
618,295.666666666667
6180,-43016.5
6181,-43002.0
61842,162.5
61848,322.0
61851,354.0
61857,417.0
61866,533.0
61867,503.0
61872,285.666666666667
619,279.666666666667
62,-22955.4375
620,267.666666666667
621,293.333333333333
6218,208.0
622,324.666666666667
623,273.333333333333
624,303.666666666667
625,264.666666666667
6256,-23.0
6257,-59.0
6258,-46.0
6259,-94.0
626,306.0
6260,-53.0
6262,-53.0
6267,-141.0
627,265.666666666667
628,278.333333333333
6283,45.0
6284,7.0
6285,15.0
629,303.0
6292,153.5
6298,-16.0
6299,-48.3333333333333
63,-23071.5625
630,292.666666666667
6301,-27.0
6302,-51.0
6303,-43.3333333333333
6304,-157.0
6305,-144.0
6307,-176.0
6308,-150.0
6309,-127.0
631,259.0
6310,-159.0
6316,151.333333333333
6317,146.333333333333
6318,121.333333333333
632,307.333333333333
6320,106.333333333333
6321,113.666666666667
6322,124.25
6323,90.75
6324,75.25
63241,94.1428571428571
633,296.333333333333
634,230.0
635,213.75
6357,109.0
6359,107.0
636,170.5
6360,131.0
6361,66.0
63618,420.0
6362,76.0
63621,109.0
6364,80.0
6365,45.0
6366,-53.0
6368,193.0
6369,199.0
637,152.75
6371,170.0
6372,166.0
6373,211.0
6374,196.0
6375,152.0
6376,173.0
6377,155.0
638,153.5
639,78.7
6390,140.0
6392,137.0
6393,114.0
6394,81.0
6396,53.0
6397,15.0
6398,-12.0
6399,-84240.0
64,-35052.8333333333
640,83.7
6400,-84240.0
64000,-20011.2456140351
64001,-84240.0
6401,-84300.0
6402,-84300.0
6403,-47.0
6405,-66.0
6406,-102.0
6407,-81.0
6408,-65.0
6409,-108.0
641,56.5
6410,-81.0
6411,-42512.5
6413,-3.0
6415,9.0
6417,27.0
64171,66.0
6418,74.0
6419,51.0
642,20.9
6428,196.0
6430,267.0
6431,226.0
6432,243.0
6433,272.0
6459,106.0
6460,152.0
6461,171.0
64618,459.0
6462,189.0
6463,149.0
6464,159.5
6466,-15350.6
6467,-15336.0
6468,-15319.6
6470,-15348.4
6471,-15336.0
6472,-15320.6
6473,-15350.4
6474,-15391.8
6476,-15415.4
6478,-12755.8333333333
6479,-12790.1666666667
6480,-12786.5
6495,-30915.8
6496,-25782.8333333333
6498,-25742.0
6500,-25775.3333333333
6502,-25772.0
6504,-25806.3333333333
6505,-25844.5
6507,-25811.1666666667
6508,-25831.1666666667
6509,-25869.0
6537,156.6
6538,-41435.125
6555,268.25
65618,422.0
6564,52.0
6565,3.5
6567,-206.0
6569,116.333333333333
6570,-13482.1666666667
6571,-13447.1666666667
6573,-13418.3333333333
65741,-13451.0
6575,-13484.5
66,-40141.3333333333
6600,169.75
66434,81.5
66459,97.5
66460,106.5
6674,149.666666666667
6675,177.333333333333
67,-40185.4444444444
6701,-188.0
6702,-191.0
6704,-171.0
67202,-162.0
6727,-177.0
6729,-140.0
6733,-157.0
6734,-208.0
6742,-212.0
6744,-211.0
6746,-196.0
6747,-217.0
6749,-159.0
6751,-191.0
6752,-186.0
6754,-208.0
6755,-259.0
6756,-246.0
6757,-218.0
6758,-264.0
6760,-234.0
6761,-270.0
67618,512.0
6762,-308.0
6764,-258.0
6767,68.5
6769,70.5
6771,6.0
6772,110.0
6773,4.2
6780,159.666666666667
6783,148.0
68,-40218.0
6822,166.5
6824,126.25
6827,12.8
6830,193.5
6831,237.0
6833,223.5
6834,194.0
68618,472.0
69,-40234.7777777778
6900,-424.0
6902,-431.0
69618,502.0
7,308.0
70001,-39158.0666666667
70002,-17129.1
70003,92.8
70004,-9544.11111111111
70005,92.8
70006,-10780.125
70007,132.8
70008,-10796.125
70009,110.166666666667
70010,-10797.125
70011,86.1666666666667
70012,-10788.125
70013,118.166666666667
70014,28.1428571428571
70015,62.1666666666667
70016,95.1428571428571
70017,65.1666666666667
70018,87.1428571428571
70019,43.2857142857143
70020,123.142857142857
70021,50.2857142857143
70022,102.142857142857
70023,55.2857142857143
70024,137.142857142857
70025,86.2857142857143
70026,103.166666666667
70027,99.2857142857143
70028,129.166666666667
70029,87.2857142857143
70030,13.1666666666667
70031,-10623.875
70032,72.1666666666667
70033,-10535.875
70034,95.0
70035,-21339.875
70036,-42099.25
70038,-82320.0
70039,-43.75
70040,16.0
70041,-65.75
70042,67.0
70043,-78.75
70044,38.0
70045,-99.75
70046,16.0
70047,-76.75
70048,-16.0
70049,-60.75
70051,-41.75
70052,22.3333333333333
70053,-22.75
70054,26.3333333333333
70055,28.0
70056,-1.66666666666667
70057,35.0
70058,-0.666666666666667
70059,-82980.0
70060,20.75
70061,-46138.7777777778
70063,460.75
70064,-35227.1428571429
70065,516.6
70066,-35171.2857142857
70067,429.6
70068,-40806.8333333333
70069,337.6
70070,-26404.3333333333
70071,277.666666666667
70072,-26292.5
70073,324.666666666667
70074,-31327.2
70075,406.666666666667
70076,-31307.2
70077,-13830.3333333333
70078,-31300.0
70079,-13883.3333333333
70080,-13903.2
70081,-14039.3333333333
70082,-13785.6
70083,-13976.3333333333
70084,-13797.2
70085,-84000.0
70086,-66600.0
70087,-84180.0
70088,-66360.0
70089,-83260.0
70090,-66060.0
70091,-83440.0
70092,-65820.0
70093,-83620.0
70095,-42897.75
70096,-84300.0
70097,-86535.0
70098,58.0
70099,-86775.0
70100,139.0
70101,-87075.0
70102,395.0
70103,-87315.0
70104,437.0
70105,-86290.0
70107,-338.5
70111,-357.666666666667
70113,-352.833333333333
70115,-330.5
70117,-301.833333333333
70121,-360.8
70125,-342.8
70127,-361.8
70129,-360.8
70131,-341.8
70135,-295.6
70144,1209.0
70145,-204.0
70146,1206.0
70147,-174.0
70148,1208.0
70149,-205.0
70150,28.5
70151,-150.375
70152,301.75
70153,-140.6
70154,99.3
70155,-165.083333333333
70156,132.727272727273
70157,-151.083333333333
70158,152.727272727273
70159,-151.5
70161,36.1666666666667
70163,-50.8
70165,-4.8
70167,-0.8
70169,6.2
70171,3.2
70173,-35.8
70175,-13.8
70176,-64.0
70177,-142.5
70178,-44.0
70179,-106.0
70180,-72.0
70181,-171.0
70182,-48.0
70183,-138.666666666667
70186,-7.0
70187,-191.333333333333
70196,-130.0
70197,-52.0
70198,-204.0
70199,-410.0
70200,174.818181818182
70201,173.833333333333
70202,-58053.9
70203,2.875
70204,-338.0
70205,56.6666666666667
70206,-264.5
70207,32.6666666666667
70208,-419.0
70211,-36.0
70212,95.0
70213,-10.0
70214,96.0
70215,-24.0
70216,96.0
70217,-22.0
70218,68.0
70219,-8.0
70220,43.0
70223,-42.8333333333333
70224,18.0
70225,-10.3333333333333
70226,34.0
70227,-23.0
70228,61.0
70229,-13.0
70230,55.0
70231,52.0
70233,48.0
70235,5.0
70237,25.0
70239,-329.5
70240,-52.3333333333333
70241,-354.5
70242,-72.3333333333333
70243,-1108.33333333333
70244,-42.3333333333333
70245,-1085.0
70246,12.2
70247,-898.5
70248,25.2
70249,-903.75
70250,-121.8
70251,-885.75
70252,-155.8
70253,-926.0
70254,-147.8
70255,-884.0
70256,-262.5
70257,-927.5
70258,-247.5
70260,-42174.125
70261,-41102.5
70263,-131.0
70264,-54.0
70265,-139.0
70266,-28.0
70267,-167.0
70269,-166.0
70271,-208.0
70273,-220.0
70275,-249.0
70278,70.1666666666667
70279,-10628.875
70500,-36580.625
70501,49.3
70502,-422.0
70503,413.5
70505,-9638.22222222222
70507,-8654.0
70509,-8683.0
70511,-17359.0
70513,-10859.75
70618,548.0
70619,505.0
70620,431.0
70838,-77.75
7096,28.0
7097,149.75
71,-40237.8888888889
71150,1180.0
71151,-181.0
71187,-43.0
71317,-13561.5
71391,-26502.5
71618,277.0
7199,120.0
72,-37691.5714285714
7200,86.0
7201,98.0
7202,48.0
7205,113.0
7206,65.0
7208,81.0
7210,107.0
7211,63.0
7212,76.0
7213,92.0
7233,165.5
7234,131.0
7237,176.5
7246,-5.5
7247,-39.5
7248,-20.0
7249,-62.5
7250,-30.5
7251,-79.0
7252,-65.0
7253,86.0
7254,90.5
7255,103.0
7263,71.0
7269,143.0
7270,99.0
7289,70.0
73,-30123.4166666667
730,-33227.4
7302,65.0
7303,18.0
7304,61.0
7305,9.0
7306,17.0
7307,-48.0
7308,-20.5
7309,-249.0
7310,-243.0
7311,-288.0
7312,-270.0
73618,169.5
73619,134.0
7376,-36.0
7377,-8.0
7378,-61.0
7379,-50.0
7380,-39.0
7381,-26.0
7382,-14.0
7383,-47.0
7384,-36.0
7386,-14.0
7388,-49.0
7390,-16.0
7391,-3.0
7392,-51.0
7393,-39.0
7394,-30.0
7395,-16.0
7396,-56.0
7397,-46.0
7398,-32.0
7399,-13.0
74,-36376.5
7400,-67.0
7401,-39.0
7403,-3.0
7404,-53.0
7405,-42.0
7407,-12.0
7408,-47.0
7409,-5.0
7410,53.5
7411,37.5
7412,-41723.0
7413,20.5
7414,-3.5
7415,-17.0
7417,-17296.0
7418,5.0
7419,20.0
7420,37.0
7422,-2.0
7423,26.0
7424,56.0
7426,16.0
7427,23.0
7429,36.0
7430,302.0
7431,337.0
7432,284.5
7433,298.0
7434,313.0
7435,327.5
7436,339.0
7437,347.0
7438,297.0
7439,332.5
7440,371.0
7441,322.0
7442,332.0
7443,350.5
7445,314.5
7446,323.0
7447,343.5
7448,306.5
7449,320.0
7450,340.5
7451,350.0
7452,316.0
74611,-83385.0
74612,116.153846153846
74613,160.692307692308
74614,-18667.1111111111
74615,-142.058823529412
74616,-187.947368421053
74617,-23.3684210526316
74618,291.666666666667
74624,172.416666666667
74630,-83340.0
74631,-12.1666666666667
74632,99.75
74633,17.5
74634,83.5
74635,-34.8
74636,105.25
74637,-0.6
75,-36391.2
7529,-115.0
75467,-15342.2
76378,129.0
76434,38.5
76459,58.5
76479,-12880.3333333333
76495,-25745.5
77,-36426.5
774,18.5
775,28.5
776,21.5
777,35.0
778,23.5
779,45.0
780,76.0
781,62.0
782,32.0
783,59.0
784,78.5
785,48.5
786,81.0
787,62.0
788,124.5
789,74.5
79,-36428.9
790,40.0
791,59.0
792,78.5
7922,-41989.5833333333
793,34.0
795,11.0
797,209.0
798,195.5
799,178.0
8,-28628.0
80,-36493.1
800,207.0
801,214.5
802,213.0
803,264.0
804,242.0
805,254.5
806,362.0
80619,452.0
80620,446.0
807,349.333333333333
808,392.333333333333
810,368.666666666667
812,374.333333333333
813,390.666666666667
81317,-11641.1428571429
814,365.333333333333
815,363.666666666667
816,400.0
817,344.0
8178,-32746.0
818,510.5
82,-33175.7272727273
821,350.333333333333
8241,-74.0
8242,-25.0
8243,-74.0
8244,-55.0
8245,-67.0
8247,-88.0
8248,-62.0
8249,-29.0
8250,-17.0
8251,-59.0
8252,-50.0
8253,-28.0
8254,-4.0
8257,-18.0
8259,-23.0
8260,2.0
8261,-47.0
8262,-37.0
8264,27.0
8267,7.0
8268,-31.0
8269,-16.0
8270,-28.0
8271,-70.0
8272,-43.0
8273,-81.0
8274,-69.0
8275,-101.0
8279,13.0
8281,184.5
8291,218.5
8292,228.5
8293,239.5
8294,204.0
8295,236.0
8296,217.5
8297,240.5
8298,216.0
8301,-44.5
8302,-83550.0
8303,-3.5
8304,-11.5
8305,25.0
8306,-14.0
8307,-6.0
8308,71.0
8309,-35611.9615384615
8311,33.0
83111,45.0
8312,35.5
8313,49.5
8314,12.0
8315,1.5
8316,-33.0
8317,-13.5
8339,527.666666666667
84,-33241.1818181818
854,-33351.0
855,-28659.3333333333
856,-33344.3636363636
86434,26.0
86458,98.0
86459,118.5
8670,287.5
8671,244.5
8672,216.0
8674,238.0
8676,203.0
8678,238.0
8679,258.0
8691,-13.5
8692,33.0
86932,521.0
86933,537.0
86935,497.0
86936,508.0
86937,467.0
86939,527.0
86940,208.5
869411,182.0
86943,226.0
86944,192.0
86945,253.5
869451,276.5
87,-43457.8
875,-53580.9811320755
8809,121.333333333333
8815,511.333333333333
8816,509.666666666667
88171,524.666666666667
8818,552.666666666667
8819,528.0
882,10.0
8820,563.0
8821,542.666666666667
8822,489.666666666667
8823,509.333333333333
8824,515.333333333333
8825,475.333333333333
8826,482.333333333333
8828,444.666666666667
883,145.0
8830,359.0
8831,361.666666666667
8832,325.666666666667
88332,333.666666666667
883321,-28484.0
88333,285.0
88334,-28514.6666666667
88335,-28561.3333333333
88336,-28525.3333333333
88337,-28537.0
8841,-28482.6666666667
8842,-28489.6666666667
8843,-28474.0
8845,-28512.0
8846,-28500.6666666667
8848,-28524.3333333333
89,-43510.7
895,37.75
89617,-82800.0
899,-41946.1111111111
8993,88.5
900,-37492.1111111111
9018,221.0
9019,175.5
902,94.0
9020,198.5
9021,231.5
9023,253.5
9024,201.5
9025,220.5
9026,188.0
9028,163.666666666667
9029,195.0
903,132.333333333333
9030,236.0
9031,141.666666666667
90310,193.5
9032,230.0
9033,242.5
9034,200.0
9035,222.5
9036,192.0
9037,203.0
9038,184.5
9039,139.5
904,165.0
9040,150.0
9041,125.0
9042,21.8
9043,-10.8
9045,69.6666666666667
9047,119.0
9048,92.0
9049,103.0
905,179.333333333333
9050,87.0
9051,113.0
9052,132.0
9053,125.0
9054,145.0
9055,160.0
9056,127.0
9057,159.0
9058,171.0
906,134.333333333333
9060,92.0
9061,83.0
90620,374.0
90621,357.5
9063,102.0
9067,117.0
9068,119.0
9069,70.0
907,156.333333333333
9070,67.0
909,180.0
91,-39560.2727272727
910,133.0
912,163.333333333333
913,186.666666666667
91317,-11672.0
91391,-26495.0
9145,-81900.0
9146,211.0
9147,181.0
9149,207.0
915,154.333333333333
9150,226.0
9151,104.0
9152,120.0
9153,76.0
9154,38.0
9155,50.0
9156,12.0
9157,26.0
9158,2.0
9159,-41.0
916,123.0
9160,-28.0
9161,-61.0
9162,20.0
9163,41.0
9164,-10.0
9165,51.0
9167,70.0
9168,32.0
9169,49.0
917,163.666666666667
9170,74.0
9171,26.0
9172,50.0
9174,47.0
9175,11.0
9176,33.0
9177,50.0
9178,7.0
9179,63.0
918,144.666666666667
9181,103.0
9183,105.0
9184,71.0
9185,85.0
9187,73.0
9188,107.0
9189,122.0
919,181.0
9190,76.0
9191,91.0
9192,46.0
9193,60.0
9194,19.0
9195,41.0
9196,18.0
9197,24.0
9198,-15.0
9199,7.0
920,163.333333333333
9200,22.0
9201,2.0
9202,30.0
9203,61.0
9204,34.0
9205,68.0
9206,22.0
9207,39.0
9209,-115.0
9210,-161.0
9211,-66.0
9212,-102.0
9213,-77.0
9214,-70.0
9215,-1.5
922,161.666666666667
92391,-26514.5
924,142.333333333333
925,107.0
926,-18850.0
927,-18877.4545454545
928,156.25
93,-39589.4545454545
931,97.25
9318,51.3333333333333
9319,69.6666666666667
9326,16.0
9328,-31.0
933,122.0
9339,130.0
934,151.25
9340,144.0
9343,32.0
937,143.0
938,99.5
939,20.0
9406,-40260.0769230769
941,-73.0
9421,175.5
9434,282.5
9441,-17017.8
9448,140.5
95,-39611.7272727273
951,-13.0
952,-36.5
9525,-28543.3333333333
9526,-83520.0
953,-49.75
954,-17.5
956,82.4
958,94.4
959,123.4
960,96.0
962,76.2
964,-13195.2
96434,-0.5
96459,109.0
966,108.6
967,102.8
969,120.2
97,-39685.4545454545
970,117.0
971,126.0
972,131.4
973,171.2
974,152.2
975,144.8
977,142.0
9780,173.0
979,153.8
981,196.8
982,150.8
983,215.166666666667
985,231.333333333333
986,195.0
987,209.166666666667
988,-14254.3333333333
989,-14350.3333333333
99,-39708.0909090909
9960,95.0
9980,308.0
9981,300.0
9982,270.0
99832,59.0
99991,-22968.2857142857
BNT-0000,-397.5
DB-2205-02,-65.0
DB-2222-02,-27.0
DB-2230-02,-46.0
DB-2240-02,-44.0
DB-2249-02,-17.0
DB-2258-02,-39.0
DB-2265-02,-82.0
ER-0042-02,167.0
ER-0099-02,156.0
ER-0128-02,-10.0
ER-0168-S,-18.0
ER-0183-02,-53.0
ER-0312-S,182.0
ER-0362-01,-150.0
FB-0095-04,-124.0
FB-0095-05,268.0
FB-0109-01,216.0
FB-0118-01,173.0
FB-0118-02,-42.0
FB-0125-01,117.0
FB-0143-01,126.0
FB-0148-01,65.0
FB-0148-02,-44.0
FB-0166-S,19.0
FB-0191-S,-32.0
FB-0230-S,-110.0
FB-0275-S,2.0
FB-0303-S,-293.0
FR-0034-02,0.0
FR-0064-01,-13.0
FR-0074-01,22.0
FR-0098-01,-22.0
FR-0115-01,9.0
FR-0132-01,-48.0
FR-0167-01,21.0
FR-0201-01,-48.0
FR-0219-01,-47.0
FR-0253-01,-22.0
FR-0301-01,-86.0
FR-0361-01,-72.0
FR-0394-01,-39.0
FR-0451-01,-129.0
FR-0494-CS,-67.0
FR-3338-CS,-86697.0
FS-0049-S,-81780.0
GB-0198-02,-16.0
GB-0229-02,-30.0
GRB-0118-S,-20.0
KB-0351-S,-175.0
MM-0023-S,40.5
MM-0079-S,12.5
MM-0150-S,147.0
MM-0186-S,66.0
MM-0200-S,10.0
MM-0219-S,-107.0
MM-0277-S,-126.0
MM-0356-S,-170.0
NEC-1851-03,-410.0
NEC-2040-02,320.0
NEC-2108-02,190.0
NEC-2139-02,102.0
NEC-2173-02,5.0
NEC-2203-02,13.0
NEC-2265-02,-268.0
NEC-2276-02,-324.0
NEC-2287,-33.0
NHRML-0152-01,337.0
NHRML-0218-01,186.0
NHRML-0254-04,16.0
PB-0281-S,101.0
WML-0177-01,162.0
WML-0199-01,28.0
WML-0214-01,-82.0
WML-0214-B,-41250.5
WML-0252-B,-41610.5
WML-0274-01,-185.0
WML-0340-01,-19.0
WML-0364-01,-23.0
WML-0442-CS,-368.0
WR-0325-01,155.0
WR-0329-01,-207.0
